problem,status,n,n_reduced,dominated,lb,initial_ub,best_cost,optimum,sat_calls,total_vars_last,total_clauses_last,sat_time,total_time
datA1#problem-1,OPTIMAL,10,10,0,10,14,14,14,1,2211,6086,4.168120868,4.180396868
datA1#problem-2,OPTIMAL,10,10,0,10,13,11,11,3,1980,5510,3.872671811,3.903396416
datA1#problem-3,OPTIMAL,10,10,0,10,12,12,12,1,2059,5706,3.382556780,3.393890237
datA1#problem-4,OPTIMAL,10,10,0,10,15,13,13,3,2136,5878,5.119368462,5.152646080
datA1#problem-5,OPTIMAL,10,10,0,10,14,13,13,2,2136,5938,1.603652731,1.630177998
datA1#problem-6,OPTIMAL,10,10,0,10,15,14,14,2,2211,6066,4.219316622,4.241980461
datA1#problem-7,OPTIMAL,10,10,0,10,13,12,12,2,2059,5686,2.956981712,2.977543440
datA1#problem-8,OPTIMAL,10,10,0,10,13,11,11,3,1980,5530,2.886247804,2.917200662
datA1#problem-9,OPTIMAL,10,10,0,10,14,13,13,2,2136,5958,1.458165955,1.479202019
datA1#problem-10,OPTIMAL,10,10,0,10,13,12,12,2,2059,5746,4.095683399,4.117271881
datA2#problem-1,OPTIMAL,10,10,0,10,12,11,11,2,2090,5900,2.718639267,2.747639000
datA2#problem-2,OPTIMAL,10,10,0,10,11,10,10,1,2090,5780,0.191745241,0.203503421
datA2#problem-3,OPTIMAL,10,10,0,10,10,10,10,0,0,0,0.000000000,0.000395948
datA2#problem-4,OPTIMAL,10,10,0,10,12,11,11,2,2090,5840,4.312525623,4.335887538
datA2#problem-5,OPTIMAL,10,10,0,10,12,11,11,2,2090,5900,1.560681989,1.583200638
datA2#problem-6,OPTIMAL,10,10,0,10,12,12,12,1,2169,6036,5.570717535,5.582087662
datA2#problem-7,OPTIMAL,10,10,0,10,12,11,11,2,2090,5800,3.515320255,3.538791891
datA2#problem-8,OPTIMAL,10,10,0,10,11,10,10,1,2090,5800,0.069875589,0.081470626
datA2#problem-9,OPTIMAL,10,10,0,10,12,11,11,2,2090,5920,2.055019988,2.077108075
datA2#problem-10,OPTIMAL,10,10,0,10,12,11,11,2,2090,5860,4.969005343,4.998317187
datA3#problem-1,OPTIMAL,10,10,0,10,10,10,10,0,0,0,0.000000000,0.000399856
datA3#problem-2,OPTIMAL,10,10,0,10,10,10,10,0,0,0,0.000000000,0.000351369
datA3#problem-3,OPTIMAL,10,10,0,10,10,10,10,0,0,0,0.000000000,0.000449414
datA3#problem-4,OPTIMAL,10,10,0,10,10,10,10,0,0,0,0.000000000,0.000340902
datA3#problem-5,OPTIMAL,10,10,0,10,10,10,10,0,0,0,0.000000000,0.000349504
datA3#problem-6,OPTIMAL,10,10,0,10,11,11,11,1,2200,6120,2.590544408,2.603109478
datA3#problem-7,OPTIMAL,10,10,0,10,11,10,10,1,2200,6040,0.062310715,0.073960561
datA3#problem-8,OPTIMAL,10,10,0,10,10,10,10,0,0,0,0.000000000,0.000414944
datA3#problem-9,OPTIMAL,10,10,0,10,10,10,10,0,0,0,0.000000000,0.000361774
datA3#problem-10,OPTIMAL,10,10,0,10,11,10,10,1,2200,6100,0.099804201,0.111001142
datA4#problem-1,OPTIMAL,10,10,0,10,10,10,10,0,0,0,0.000000000,0.000438098
datA4#problem-2,OPTIMAL,10,10,0,10,10,10,10,0,0,0,0.000000000,0.000435991
datA4#problem-3,OPTIMAL,10,10,0,10,10,10,10,0,0,0,0.000000000,0.000387563
datA4#problem-4,OPTIMAL,10,10,0,10,10,10,10,0,0,0,0.000000000,0.000392910
datA4#problem-5,OPTIMAL,10,10,0,10,10,10,10,0,0,0,0.000000000,0.000362107
datA4#problem-6,OPTIMAL,10,10,0,10,10,10,10,0,0,0,0.000000000,0.000372684
datA4#problem-7,OPTIMAL,10,10,0,10,10,10,10,0,0,0,0.000000000,0.000374068
datA4#problem-8,OPTIMAL,10,10,0,10,10,10,10,0,0,0,0.000000000,0.000419381
datA4#problem-9,OPTIMAL,10,10,0,10,10,10,10,0,0,0,0.000000000,0.000434175
datA4#problem-10,OPTIMAL,10,10,0,10,10,10,10,0,0,0,0.000000000,0.000412451
datB1#problem-1,TIMEOUT,15,15,0,20,27,26,,2,10480,27055,600.011491785,600.104952609
datB1#problem-2,TIMEOUT,15,15,0,20,39,33,,7,12181,30983,599.725741863,600.105015193
