dataset,problem,mode,run_type,reference_cost,initial_ub,final_incumbent,status,total_runtime,solver_calls,total_conflicts,total_decisions,total_propagations,total_restarts,sat_calls,unsat_calls,best_incumbent_time,tested_bounds
datB1,1,seqcounter-fresh,optimization,25,36,25,OPTIMAL,12.953511157000321,8,451967,1151033,102653086,18218,7,1,4.53282085399951,"[35,31,30,29,28,27,25,24]"
datB1,1,seqcounter-accumulated,optimization,25,36,25,OPTIMAL,59.58501375200103,6,1065408,2321284,675512555,34576,5,1,30.40081718500005,"[35,31,27,26,25,24]"
datB1,1,itotalizer-assumption,optimization,25,36,25,OPTIMAL,16.808843077000347,7,617091,1233334,92609938,20311,6,1,2.0382152530000894,"[35,33,30,27,26,25,24]"
datB1,1,fixed-seqcounter,fixed-k,25,36,36,UNSAT,8.479211133999343,1,310512,681118,56659672,12003,0,1,,[24]
datB1,1,fixed-totalizer,fixed-k,25,36,36,UNSAT,20.043506482999874,1,791972,1496541,98533843,27461,0,1,,[24]
datB1,2,seqcounter-fresh,optimization,32,53,32,OPTIMAL,167.85469466299946,12,4718502,8636391,1039613588,148011,11,1,58.27744748999976,"[52,45,41,40,39,38,36,35,34,33,32,31]"
datB1,2,seqcounter-accumulated,optimization,32,53,33,TIMEOUT,600.0393593480003,11,,,,,10,0,179.57987309599957,"[52,45,40,39,38,37,36,35,34,33,32]"
datB1,2,itotalizer-assumption,optimization,32,53,32,OPTIMAL,198.6977727509984,9,5577126,8919630,832446913,169595,8,1,13.498081723999348,"[52,43,42,38,36,35,33,32,31]"
datB1,2,fixed-seqcounter,fixed-k,32,53,53,UNSAT,109.79576059600004,1,3039182,5018566,567472259,88811,0,1,,[31]
datB1,2,fixed-totalizer,fixed-k,32,53,53,UNSAT,197.804040473,1,5751910,9184764,836237478,191304,0,1,,[31]
datB1,3,seqcounter-fresh,optimization,29,48,29,OPTIMAL,135.0661205640008,8,3777718,6576434,693852142,121552,7,1,6.565590245001658,"[47,40,38,34,32,31,29,28]"
datB1,3,seqcounter-accumulated,optimization,29,48,29,OPTIMAL,581.2258715169992,9,9049648,15130237,3509560105,300680,8,1,64.41450248099864,"[47,40,39,38,33,32,31,29,28]"
datB1,3,itotalizer-assumption,optimization,29,48,29,OPTIMAL,199.8479683429996,8,5553646,8930125,727366621,171854,7,1,4.6189893770006165,"[47,43,38,33,32,30,29,28]"
datB1,3,fixed-seqcounter,fixed-k,29,48,48,UNSAT,130.276488006999,1,3592798,6046696,623466875,114359,0,1,,[28]
datB1,3,fixed-totalizer,fixed-k,29,48,48,UNSAT,164.41147840300073,1,4952573,8126070,653678278,166266,0,1,,[28]
datC1,1,seqcounter-fresh,optimization,103,190,125,TIMEOUT,600.1106862289998,5,,,,,4,0,232.51439536500038,"[189,159,143,138,124]"
datC1,1,seqcounter-accumulated,optimization,103,190,119,TIMEOUT,600.1196848330001,5,,,,,4,0,334.169038768001,"[189,159,141,130,118]"
datC1,1,itotalizer-assumption,optimization,103,190,118,TIMEOUT,600.1185118839985,5,,,,,4,0,125.8420791589997,"[189,154,137,128,117]"
datC1,1,fixed-seqcounter,fixed-k,103,190,190,TIMEOUT,600.1104848879986,1,,,,,0,0,,[102]
datC1,1,fixed-totalizer,fixed-k,103,190,190,TIMEOUT,600.0197965170009,1,,,,,0,0,,[102]
datC1,2,seqcounter-fresh,optimization,109,211,139,TIMEOUT,600.1119895230004,3,,,,,2,0,32.87368539599993,"[210,154,138]"
datC1,2,seqcounter-accumulated,optimization,109,211,132,TIMEOUT,600.1082205540006,5,,,,,4,0,323.3307014740003,"[210,154,147,143,131]"
datC1,2,itotalizer-assumption,optimization,109,211,131,TIMEOUT,600.1274817119993,4,,,,,3,0,32.620524597999975,"[210,158,143,130]"
datC1,2,fixed-seqcounter,fixed-k,109,211,211,TIMEOUT,600.0249133109992,1,,,,,0,0,,[108]
datC1,2,fixed-totalizer,fixed-k,109,211,211,TIMEOUT,600.065245370999,1,,,,,0,0,,[108]
datC1,3,seqcounter-fresh,optimization,100,198,116,TIMEOUT,600.0241623969996,6,,,,,5,0,587.7155967619983,"[197,145,132,128,124,115]"
datC1,3,seqcounter-accumulated,optimization,100,198,122,TIMEOUT,600.1285585389996,4,,,,,3,0,471.21310276700024,"[197,145,130,121]"
datC1,3,itotalizer-assumption,optimization,100,198,116,TIMEOUT,600.118047781998,5,,,,,4,0,16.902017117998184,"[197,136,128,121,115]"
datC1,3,fixed-seqcounter,fixed-k,100,198,198,TIMEOUT,600.0754675869975,1,,,,,0,0,,[99]
datC1,3,fixed-totalizer,fixed-k,100,198,198,TIMEOUT,600.1102820859996,1,,,,,0,0,,[99]
