dataset,problem,mode,run_type,reference_cost,k,status,solve_time,elapsed_total,incumbent_before,sat_cost,ktns_cost,incumbent_after,sequence,base_variables,base_clauses,objective_aux_variables_added,objective_clauses_added,current_total_variables,current_total_clauses,restarts,conflicts,decisions,propagations
datB1,1,seqcounter-fresh,optimization,25,35,SAT,0.041841955,0.06955596599982528,36,35,32,32,"[6,9,11,5,10,2,0,1,13,12,4,7,14,3,8]",2505,5597,9275,18780,11780,24377,0,27,7461,27490
datB1,1,seqcounter-fresh,optimization,25,31,SAT,0.08696572699999999,0.1765175670007011,32,31,31,31,"[0,1,2,3,4,5,6,9,12,8,11,7,13,14,10]",2505,5597,8339,16916,10844,22513,61,1780,15834,906362
datB1,1,seqcounter-fresh,optimization,25,30,SAT,0.148248004,0.34627559399996244,31,30,30,30,"[9,13,2,10,6,5,4,12,8,11,14,1,0,7,3]",2505,5597,8100,16440,10605,22037,163,2755,17603,1350655
datB1,1,seqcounter-fresh,optimization,25,29,SAT,0.250219563,0.6182996330007882,30,29,29,29,"[9,2,3,12,4,13,10,11,0,14,1,5,8,7,6]",2505,5597,7859,15960,10364,21557,266,6359,27199,2772805
datB1,1,seqcounter-fresh,optimization,25,28,SAT,0.855491825,1.4922340709999844,29,28,28,28,"[7,1,0,8,2,13,10,9,11,3,12,14,6,4,5]",2505,5597,7616,15476,10121,21073,1598,25066,110475,10980912
datB1,1,seqcounter-fresh,optimization,25,27,SAT,0.326914581,1.8368796760005353,28,27,26,26,"[1,14,5,13,6,11,12,9,8,2,7,3,10,0,4]",2505,5597,7371,14988,9876,20585,471,9681,40804,3864150
datB1,1,seqcounter-fresh,optimization,25,25,SAT,2.6764820859999996,4.532822432000103,26,25,25,25,"[5,6,4,11,12,9,14,3,13,0,7,1,8,2,10]",2505,5597,6875,14000,9380,19597,3656,95787,250539,26091040
datB1,1,seqcounter-fresh,optimization,25,24,UNSAT,8.401393625,12.953498318000129,25,,,25,,2505,5597,6624,13500,9129,19097,12003,310512,681118,56659672
datB1,1,seqcounter-accumulated,optimization,25,35,SAT,0.039040248,0.06117286900007457,36,35,32,32,"[6,9,11,5,10,2,0,1,13,12,4,7,14,3,8]",2505,5597,9275,18780,11780,24377,0,27,7461,27490
datB1,1,seqcounter-accumulated,optimization,25,31,SAT,0.129399457,0.20767341000100714,32,29,28,28,"[7,3,0,10,4,2,12,9,1,11,13,8,5,6,14]",2505,5597,8339,16916,20119,41293,77,2008,11473,2318298
datB1,1,seqcounter-accumulated,optimization,25,27,SAT,1.032425523,1.2547386910009664,28,27,27,27,"[6,5,3,7,9,14,8,2,11,4,12,0,10,13,1]",2505,5597,7371,14988,27490,56281,1300,21674,91475,16254313
datB1,1,seqcounter-accumulated,optimization,25,26,SAT,0.917746486,2.1875623560008535,27,26,26,26,"[14,9,11,12,4,10,2,1,0,7,13,8,5,6,3]",2505,5597,7124,14496,34614,70777,880,15721,54503,14574020
datB1,1,seqcounter-accumulated,optimization,25,25,SAT,28.194893895,30.400818170999628,26,25,25,25,"[9,11,12,4,14,10,2,1,7,13,0,8,3,5,6]",2505,5597,6875,14000,41489,84777,19597,503045,1269925,369407826
datB1,1,seqcounter-accumulated,optimization,25,24,UNSAT,29.161713314999997,59.58102269899973,25,,,25,,2505,5597,6624,13500,48113,98277,12722,522933,886447,272930608
datB1,1,itotalizer-assumption,optimization,25,35,SAT,0.042156387000000003,0.06898963900130184,36,35,34,34,"[0,1,2,3,4,5,6,9,7,8,10,11,12,13,14]",2505,5597,1804,11938,4309,17535,131,1040,13974,302949
datB1,1,itotalizer-assumption,optimization,25,33,SAT,0.0018263819999999945,0.07202185500136693,34,32,31,31,"[0,7,2,3,1,5,6,9,12,11,10,8,13,14,4]",2505,5597,0,0,4309,17535,4,26,2538,13376
datB1,1,itotalizer-assumption,optimization,25,30,SAT,0.177503774,0.2505289510008879,31,28,28,28,"[12,7,3,14,9,11,6,8,5,1,13,2,10,0,4]",2505,5597,0,0,4309,17535,665,7078,47432,1931925
datB1,1,itotalizer-assumption,optimization,25,27,SAT,0.525047756,0.7768879850009398,28,27,27,27,"[2,7,8,3,9,12,6,5,11,13,1,14,0,4,10]",2505,5597,0,0,4309,17535,1225,23847,77837,4511216
datB1,1,itotalizer-assumption,optimization,25,26,SAT,0.126421322,0.9044284629999311,27,26,26,26,"[9,12,3,6,5,1,14,7,0,8,13,11,2,10,4]",2505,5597,0,0,4309,17535,266,6420,17493,1142236
datB1,1,itotalizer-assumption,optimization,25,25,SAT,1.1321208290000002,2.038215755001147,26,25,25,25,"[5,6,11,9,3,12,0,13,7,8,1,14,2,10,4]",2505,5597,0,0,4309,17535,1826,49651,118054,8589532
datB1,1,itotalizer-assumption,optimization,25,24,UNSAT,14.765984788999999,16.80619066300096,25,,,25,,2505,5597,0,0,4309,17535,16194,529029,956006,76118704
datB1,1,fixed-seqcounter,fixed-k,25,24,UNSAT,8.459206247,8.479196934000356,36,,,36,,2505,5597,6624,13500,9129,19097,12003,310512,681118,56659672
datB1,1,fixed-totalizer,fixed-k,25,24,UNSAT,20.020595984,20.04349186499894,36,,,36,,2505,5597,1646,8822,4151,14419,27461,791972,1496541,98533843
datB1,2,seqcounter-fresh,optimization,32,52,SAT,0.053696419999999995,0.08507107500008715,53,50,46,46,"[0,6,3,4,14,8,1,9,7,13,11,5,12,2,10]",2505,5867,12896,25988,15401,31855,0,31,9758,30493
datB1,2,seqcounter-fresh,optimization,32,45,SAT,0.05176396200000001,0.1634688220001408,46,44,42,42,"[0,6,1,3,14,8,9,7,2,13,11,10,5,4,12]",2505,5867,11475,23160,13980,29027,5,200,12687,111883
datB1,2,seqcounter-fresh,optimization,32,41,SAT,0.224230166,0.4122643999999127,42,41,41,41,"[5,8,9,1,13,14,11,7,0,6,3,4,12,10,2]",2505,5867,10619,21456,13124,27323,214,3778,20173,2285615
datB1,2,seqcounter-fresh,optimization,32,40,SAT,0.216057898,0.6522721719993569,41,40,40,40,"[5,10,2,1,3,9,8,14,13,12,11,7,6,4,0]",2505,5867,10400,21020,12905,26887,206,3951,20464,2074057
datB1,2,seqcounter-fresh,optimization,32,39,SAT,1.553479051,2.2299184539988346,40,39,39,39,"[2,5,10,9,1,6,0,11,3,14,13,7,12,4,8]",2505,5867,10179,20580,12684,26447,2331,32635,132599,21272767
datB1,2,seqcounter-fresh,optimization,32,38,SAT,0.624127252,2.8769307309994474,39,38,37,37,"[13,8,9,2,10,6,4,1,3,14,12,11,7,0,5]",2505,5867,9956,20136,12461,26003,693,14018,50776,7779783
datB1,2,seqcounter-fresh,optimization,32,36,SAT,1.265215054,4.16607649099933,37,36,36,36,"[8,10,9,5,1,3,11,14,13,12,7,2,4,6,0]",2505,5867,9504,19236,12009,25103,2072,28528,118325,16454493
datB1,2,seqcounter-fresh,optimization,32,35,SAT,3.834507596,8.023289744000067,36,35,35,35,"[13,8,14,12,11,2,7,1,10,5,9,4,3,6,0]",2505,5867,9275,18780,11780,24647,5097,94273,282424,48289518
datB1,2,seqcounter-fresh,optimization,32,34,SAT,6.109421093,14.15629610399992,35,34,34,34,"[10,7,2,1,3,13,14,12,11,0,6,9,4,5,8]",2505,5867,9044,18320,11549,24187,7376,171577,435436,66348553
datB1,2,seqcounter-fresh,optimization,32,33,SAT,2.574124925,16.753298910998637,34,33,33,33,"[0,5,9,4,6,1,3,13,14,12,11,7,2,10,8]",2505,5867,8811,17856,11316,23723,3441,67162,197334,30959505
datB1,2,seqcounter-fresh,optimization,32,32,SAT,41.495927238,58.27745004499957,33,32,32,32,"[0,6,4,5,3,1,9,10,7,2,11,12,14,13,8]",2505,5867,8576,17388,11081,23255,37765,1263167,2337849,276534662
datB1,2,seqcounter-fresh,optimization,32,31,UNSAT,109.546981721,167.85467809500005,32,,,32,,2505,5867,8339,16916,10844,22783,88811,3039182,5018566,567472259
datB1,2,seqcounter-accumulated,optimization,32,52,SAT,0.056144079,0.09014186400054314,53,50,46,46,"[0,6,3,4,14,8,1,9,7,13,11,5,12,2,10]",2505,5867,12896,25988,15401,31855,0,31,9758,30493
datB1,2,seqcounter-accumulated,optimization,32,45,SAT,0.11501119300000001,0.22721173200079647,46,45,41,41,"[0,1,2,3,4,5,6,10,8,9,7,13,11,12,14]",2505,5867,11475,23160,26876,55015,56,1546,18345,1996487
datB1,2,seqcounter-accumulated,optimization,32,40,SAT,0.7062434820000001,0.9560525500000949,41,40,40,40,"[10,2,9,4,1,0,5,6,3,8,13,14,7,11,12]",2505,5867,10400,21020,37276,76035,586,6811,42598,11386335
datB1,2,seqcounter-accumulated,optimization,32,39,SAT,0.14180211499999995,1.1218912130007084,40,39,39,39,"[9,2,7,10,1,0,5,4,3,8,13,14,12,11,6]",2505,5867,10179,20580,47455,96615,123,1109,7291,2831159
datB1,2,seqcounter-accumulated,optimization,32,38,SAT,0.3196854250000001,1.4644946459993662,39,38,38,38,"[9,2,5,10,1,0,6,4,3,8,13,14,12,11,7]",2505,5867,9956,20136,57411,116751,152,1437,20643,5015524
datB1,2,seqcounter-accumulated,optimization,32,37,SAT,4.458315688,5.94679677699969,38,37,37,37,"[2,10,9,5,1,0,4,6,3,13,8,14,12,11,7]",2505,5867,9731,19688,67142,136439,2056,30742,120728,82455511
datB1,2,seqcounter-accumulated,optimization,32,36,SAT,5.057143955,11.027241503999903,37,36,36,36,"[2,10,9,5,1,4,3,6,0,11,12,14,13,8,7]",2505,5867,9504,19236,76646,155675,1946,30532,108207,95223886
datB1,2,seqcounter-accumulated,optimization,32,35,SAT,2.6528746929999993,13.705218286999298,36,35,35,35,"[9,10,2,7,1,3,6,4,0,11,12,14,13,8,5]",2505,5867,9275,18780,85921,174455,802,12414,44038,48474792
datB1,2,seqcounter-accumulated,optimization,32,34,SAT,20.474829772000003,34.205533622000075,35,34,34,34,"[4,5,0,6,1,3,13,14,12,11,2,10,9,7,8]",2505,5867,9044,18320,94965,192775,4494,130785,309548,326841739
datB1,2,seqcounter-accumulated,optimization,32,33,SAT,145.342975958,179.57987379599945,34,33,33,33,"[8,4,9,5,0,6,1,3,13,14,12,11,7,2,10]",2505,5867,8811,17856,103776,210631,49620,1695710,3120660,1619161058
datB1,2,seqcounter-accumulated,optimization,32,32,TIMEOUT,420.45136631600144,600.0393492999992,33,,,33,,2505,5867,8576,17388,112352,228019,,,,
datB1,2,itotalizer-assumption,optimization,32,52,SAT,0.027745235,0.06739414499861596,53,52,44,44,"[0,2,9,6,12,10,1,7,4,3,14,11,5,13,8]",2505,5867,1948,16417,4453,22284,12,128,3401,39264
datB1,2,itotalizer-assumption,optimization,32,43,SAT,0.035140123999999995,0.10420476699982828,44,43,43,43,"[0,1,2,3,4,5,6,7,8,13,9,10,11,12,14]",2505,5867,0,0,4453,22284,134,1458,12351,362182
datB1,2,itotalizer-assumption,optimization,32,42,SAT,0.046844141000000006,0.1520748189996084,43,42,39,39,"[0,1,2,3,6,10,9,7,8,4,5,13,14,12,11]",2505,5867,0,0,4453,22284,96,1739,8970,487403
datB1,2,itotalizer-assumption,optimization,32,38,SAT,0.6409254059999999,0.7943166799996106,39,37,37,37,"[0,4,6,5,10,9,1,3,11,2,7,13,14,12,8]",2505,5867,0,0,4453,22284,2066,22262,117993,6205483
datB1,2,itotalizer-assumption,optimization,32,36,SAT,0.2906653050000001,1.0861427129984804,37,36,36,36,"[0,6,1,4,3,12,11,7,2,5,9,10,8,13,14]",2505,5867,0,0,4453,22284,653,10656,37954,2537879
datB1,2,itotalizer-assumption,optimization,32,35,SAT,2.724847886,3.8126989059983316,36,34,34,34,"[0,4,6,5,3,1,2,7,10,9,8,13,14,12,11]",2505,5867,0,0,4453,22284,4527,95643,258848,19970552
datB1,2,itotalizer-assumption,optimization,32,33,SAT,1.2969227710000002,5.1107930019989,34,33,33,33,"[0,6,4,1,3,13,14,12,11,7,2,9,10,5,8]",2505,5867,0,0,4453,22284,1774,50750,109515,9282897
datB1,2,itotalizer-assumption,optimization,32,32,SAT,8.38573531,13.498082200998397,33,32,32,32,"[3,1,4,6,0,5,9,10,2,7,11,12,14,13,8]",2505,5867,0,0,4453,22284,6946,297662,520562,52065118
datB1,2,itotalizer-assumption,optimization,32,31,UNSAT,185.18461513900002,198.69336905599994,32,,,32,,2505,5867,0,0,4453,22284,153387,5096828,7850036,741496135
datB1,2,fixed-seqcounter,fixed-k,32,31,UNSAT,109.76817719099999,109.79574496700116,53,,,53,,2505,5867,8339,16916,10844,22783,88811,3039182,5018566,567472259
datB1,2,fixed-totalizer,fixed-k,32,31,UNSAT,197.76896602800002,197.8040270779984,53,,,53,,2505,5867,1768,10841,4273,16708,191304,5751910,9184764,836237478
datB1,3,seqcounter-fresh,optimization,29,47,SAT,0.044000318,0.07228544000099646,48,47,41,41,"[11,1,13,8,5,3,9,0,14,2,12,4,6,7,10]",2385,5553,11186,22563,13571,28116,0,32,8234,29793
datB1,3,seqcounter-fresh,optimization,29,40,SAT,0.053256393,0.15003752500160772,41,39,39,39,"[10,5,8,14,0,12,6,3,4,2,13,9,11,7,1]",2385,5553,9800,19805,12185,25358,17,396,10463,227252
datB1,3,seqcounter-fresh,optimization,29,38,SAT,0.15407870099999998,0.3266510230005224,39,38,35,35,"[10,2,0,6,5,13,8,3,4,14,11,12,1,7,9]",2385,5553,9386,18981,11771,24534,62,2269,10451,1083601
datB1,3,seqcounter-fresh,optimization,29,34,SAT,0.325159211,0.6739768860006734,35,34,33,33,"[4,8,12,0,14,1,7,9,11,10,2,6,5,3,13]",2385,5553,8534,17285,10919,22838,172,7894,21428,3314166
datB1,3,seqcounter-fresh,optimization,29,32,SAT,1.2192733519999999,1.9144759800001339,33,32,32,32,"[11,10,1,5,7,6,2,0,14,12,4,8,3,9,13]",2385,5553,8096,16413,10481,21966,1205,33333,91130,13658125
datB1,3,seqcounter-fresh,optimization,29,31,SAT,2.415531363,4.351157763001538,32,31,30,30,"[13,3,8,0,4,6,14,11,10,7,12,9,1,2,5]",2385,5553,7874,15971,10259,21524,2728,72215,195826,26560531
datB1,3,seqcounter-fresh,optimization,29,29,SAT,2.1939785799999996,6.565591928001595,30,29,29,29,"[1,9,7,12,10,11,14,0,4,3,13,8,5,2,6]",2385,5553,7424,15075,9809,20628,3009,68781,192206,25511799
datB1,3,seqcounter-fresh,optimization,29,28,UNSAT,128.474472213,135.0661019880008,29,,,29,,2385,5553,7196,14621,9581,20174,114359,3592798,6046696,623466875
datB1,3,seqcounter-accumulated,optimization,29,47,SAT,0.045075592,0.0800367229985568,48,47,41,41,"[11,1,13,8,5,3,9,0,14,2,12,4,6,7,10]",2385,5553,11186,22563,13571,28116,0,32,8234,29793
datB1,3,seqcounter-accumulated,optimization,29,40,SAT,0.09028191299999999,0.19205815899840673,41,40,40,40,"[0,1,2,3,4,5,6,12,8,14,10,11,7,13,9]",2385,5553,9800,19805,23371,47921,55,1469,15651,1652926
datB1,3,seqcounter-accumulated,optimization,29,39,SAT,0.26273983599999995,0.47562681999988854,40,39,39,39,"[9,1,0,3,4,5,6,12,8,14,10,11,7,13,2]",2385,5553,9594,19395,32965,67316,60,2228,21047,3086991
datB1,3,seqcounter-accumulated,optimization,29,38,SAT,0.32660007,0.8227625529998477,39,38,34,34,"[2,5,1,4,0,14,11,7,10,12,8,9,13,3,6]",2385,5553,9386,18981,42351,86297,114,3168,15840,5368076
datB1,3,seqcounter-accumulated,optimization,29,33,SAT,1.7328988869999997,2.5750104839989945,34,33,33,33,"[8,4,0,14,2,6,11,10,9,7,1,5,3,13,12]",2385,5553,8316,16851,50667,103148,1076,18237,77072,30372884
datB1,3,seqcounter-accumulated,optimization,29,32,SAT,6.754457357,9.348435042998972,33,32,32,32,"[3,13,6,8,5,4,0,14,2,10,11,12,7,9,1]",2385,5553,8096,16413,58763,119561,5414,76200,287054,111768634
datB1,3,seqcounter-accumulated,optimization,29,31,SAT,0.21071319700000046,9.578720638999584,32,31,30,30,"[3,13,5,8,6,4,0,14,2,10,11,12,9,7,1]",2385,5553,7874,15971,66637,135532,153,2029,11622,4025838
datB1,3,seqcounter-accumulated,optimization,29,29,SAT,54.811691878999994,64.41450321799857,30,29,29,29,"[1,9,12,7,10,11,14,0,4,3,13,8,5,2,6]",2385,5553,7424,15075,74061,150607,22896,721400,1510226,754460550
datB1,3,seqcounter-accumulated,optimization,29,28,UNSAT,516.754952039,581.2199625759986,29,,,29,,2385,5553,7196,14621,81257,165228,270912,8224885,13183491,2598794413
datB1,3,itotalizer-assumption,optimization,29,47,SAT,0.028614696,0.06304180400002224,48,47,44,44,"[0,11,8,10,13,6,12,14,9,7,2,5,3,1,4]",2385,5553,1806,14310,4191,19863,23,407,3451,71075
datB1,3,itotalizer-assumption,optimization,29,43,SAT,0.004141501999999998,0.06874578499991912,44,42,39,39,"[11,0,4,1,8,10,2,5,6,14,9,7,12,3,13]",2385,5553,0,0,4191,19863,4,175,2742,29068
datB1,3,itotalizer-assumption,optimization,29,38,SAT,0.12222476,0.1921282990006148,39,38,34,34,"[4,8,13,3,0,5,6,14,11,1,9,12,2,7,10]",2385,5553,0,0,4191,19863,282,5173,25580,1177423
datB1,3,itotalizer-assumption,optimization,29,33,SAT,1.446261083,1.6398577969994221,34,33,33,33,"[10,1,9,5,8,13,3,0,4,2,7,6,14,12,11]",2385,5553,0,0,4191,19863,2168,56291,145143,10429741
datB1,3,itotalizer-assumption,optimization,29,32,SAT,0.298663221,1.9396258020005916,33,32,31,31,"[0,4,6,2,14,11,10,12,7,9,1,8,5,13,3]",2385,5553,0,0,4191,19863,426,12010,26886,2133901
datB1,3,itotalizer-assumption,optimization,29,30,SAT,0.5003979510000001,2.4417335580001236,31,30,30,30,"[12,8,13,3,4,0,14,11,10,7,9,1,5,6,2]",2385,5553,0,0,4191,19863,608,22142,43810,3380942
datB1,3,itotalizer-assumption,optimization,29,29,SAT,2.175844913,4.618989815999157,30,29,29,29,"[12,8,13,3,0,4,14,11,10,9,7,1,2,5,6]",2385,5553,0,0,4191,19863,1837,89512,153708,13687451
datB1,3,itotalizer-assumption,optimization,29,28,UNSAT,195.2060463,199.84289862900005,29,,,29,,2385,5553,0,0,4191,19863,166506,5367936,8528805,696457020
datB1,3,fixed-seqcounter,fixed-k,29,28,UNSAT,130.240917911,130.2764374669987,48,,,48,,2385,5553,7196,14621,9581,20174,114359,3592798,6046696,623466875
datB1,3,fixed-totalizer,fixed-k,29,28,UNSAT,164.37306398799998,164.41145791300005,48,,,48,,2385,5553,1630,9461,4015,15014,166266,4952573,8126070,653678278
datC1,1,seqcounter-fresh,optimization,103,189,SAT,1.8531842360000002,2.3003769949991693,190,188,160,160,"[5,1,2,3,4,0,6,22,8,9,10,11,24,13,17,7,15,19,21,27,20,12,14,23,16,25,26,18,28,29]",16290,40685,191079,382980,207369,423665,4,2762,61999,4536820
datC1,1,seqcounter-fresh,optimization,103,159,SAT,4.339430843,6.986990580999191,160,159,144,144,"[25,2,27,14,4,13,7,0,17,9,16,1,24,23,29,10,15,28,18,8,20,11,21,22,5,12,3,6,19,26]",16290,40685,165519,331920,181809,372605,382,17940,156412,37802519
datC1,1,seqcounter-fresh,optimization,103,143,SAT,28.618000583,35.92811526399964,144,143,139,139,"[17,6,7,18,10,2,0,26,23,27,4,5,14,28,3,1,29,11,9,19,15,20,25,22,24,21,12,8,13,16]",16290,40685,151151,303216,167441,343901,2945,100227,750973,380778370
datC1,1,seqcounter-fresh,optimization,103,138,SAT,196.24615838699998,232.51441493899983,139,138,125,125,"[6,18,29,11,23,13,22,14,27,4,9,10,12,8,17,1,16,5,3,7,21,2,19,20,28,26,24,0,25,15]",16290,40685,146556,294036,162846,334721,28677,628956,2895815,2253917980
datC1,1,seqcounter-fresh,optimization,103,124,TIMEOUT,367.45976457300094,600.1106604220004,125,,,125,,16290,40685,133424,267800,149714,308485,,,,
datC1,1,seqcounter-accumulated,optimization,103,189,SAT,1.9166029590000002,2.4276799780000147,190,188,160,160,"[5,1,2,3,4,0,6,22,8,9,10,11,24,13,17,7,15,19,21,27,20,12,14,23,16,25,26,18,28,29]",16290,40685,191079,382980,207369,423665,4,2762,61999,4536820
datC1,1,seqcounter-accumulated,optimization,103,159,SAT,11.535750778,14.347478580000825,160,159,142,142,"[3,2,18,1,4,5,7,6,24,0,17,13,12,8,29,25,16,15,22,26,20,11,9,19,14,23,27,28,10,21]",16290,40685,165519,331920,372888,755585,378,21179,314941,109327312
datC1,1,seqcounter-accumulated,optimization,103,141,SAT,38.848654772,53.57828108100148,142,139,131,131,"[19,10,8,17,16,23,1,29,11,18,27,5,3,26,6,7,0,24,12,21,20,25,15,2,9,28,4,22,14,13]",16290,40685,149319,299556,522207,1055141,1423,51995,429895,390717596
datC1,1,seqcounter-accumulated,optimization,103,130,SAT,280.113383347,334.169040746001,131,129,119,119,"[0,24,18,17,8,1,16,23,27,11,9,20,28,3,26,19,15,2,12,29,25,5,21,22,4,10,7,13,6,14]",16290,40685,139100,279140,661307,1334281,17840,316031,2235393,2891326835
datC1,1,seqcounter-accumulated,optimization,103,118,TIMEOUT,265.8176544279995,600.1196463779997,119,,,119,,16290,40685,127676,256316,788983,1590597,,,,
datC1,1,itotalizer-assumption,optimization,103,189,SAT,0.377325295,0.9373142679996818,190,184,155,155,"[0,1,2,3,4,5,6,7,8,9,10,11,12,13,17,14,15,16,18,19,20,21,24,22,27,23,26,25,28,29]",16290,40685,10016,219871,26306,260556,96,1211,20391,503336
datC1,1,itotalizer-assumption,optimization,103,154,SAT,1.6851883830000003,2.6365199639985804,155,154,138,138,"[27,14,4,11,8,15,28,12,10,13,2,18,17,25,21,24,22,23,9,16,5,3,19,26,0,1,7,29,6,20]",16290,40685,0,0,26306,260556,407,18713,137586,12991831
datC1,1,itotalizer-assumption,optimization,103,137,SAT,10.145534972,12.7911029400002,138,136,129,129,"[16,8,25,18,28,29,9,11,27,14,4,23,10,0,17,1,3,19,5,21,15,2,6,13,24,22,12,7,26,20]",16290,40685,0,0,26306,260556,6337,138670,812024,88848761
datC1,1,itotalizer-assumption,optimization,103,128,SAT,113.033559041,125.8420827179998,129,127,118,118,"[1,16,17,7,22,20,3,28,25,12,9,11,23,5,4,10,8,29,21,26,15,19,0,2,6,14,13,27,24,18]",16290,40685,0,0,26306,260556,52530,1315120,6338865,802857018
datC1,1,itotalizer-assumption,optimization,103,117,TIMEOUT,474.2585004559987,600.1087257269992,118,,,118,,16290,40685,0,0,26306,260556,,,,
datC1,1,fixed-seqcounter,fixed-k,103,102,TIMEOUT,600.0014911889994,600.1104642029986,190,,,190,,16290,40685,111996,224988,128286,265673,,,,
datC1,1,fixed-totalizer,fixed-k,103,102,TIMEOUT,599.9229384520004,600.0197471350002,190,,,190,,16290,40685,9038,127283,25328,167968,,,,
datC1,2,seqcounter-fresh,optimization,109,210,SAT,2.464340454,2.9445860569994693,211,208,155,155,"[12,4,0,24,19,3,10,14,18,6,28,27,1,13,26,9,22,25,21,7,16,20,8,17,11,23,29,5,15,2]",16290,40895,207900,416580,224190,457475,59,2545,593146,7890044
datC1,2,seqcounter-fresh,optimization,109,154,SAT,29.586178273999998,32.8736885670005,155,153,139,139,"[21,3,18,22,5,28,16,14,1,12,15,7,27,10,4,8,25,20,2,19,26,29,9,13,11,23,24,6,0,17]",16290,40895,161084,323060,177374,363955,2818,91064,755514,356164200
datC1,2,seqcounter-fresh,optimization,109,138,TIMEOUT,567.1175833939997,600.1119544480007,139,,,139,,16290,40895,146556,294036,162846,334931,,,,
datC1,2,seqcounter-accumulated,optimization,109,210,SAT,2.382629312,2.9662297560007573,211,208,155,155,"[12,4,0,24,19,3,10,14,18,6,28,27,1,13,26,9,22,25,21,7,16,20,8,17,11,23,29,5,15,2]",16290,40895,207900,416580,224190,457475,59,2545,593146,7890044
datC1,2,seqcounter-accumulated,optimization,109,154,SAT,18.805375163,22.164663323999775,155,154,148,148,"[0,25,3,4,24,5,11,7,27,10,22,21,20,9,14,2,13,16,18,28,15,19,12,6,1,17,26,23,8,29]",16290,40895,161084,323060,385274,780535,808,27232,295435,171955005
datC1,2,seqcounter-accumulated,optimization,109,147,SAT,56.053733297,78.62522578199969,148,147,144,144,"[18,1,2,28,15,10,21,20,13,8,17,5,19,23,6,12,27,29,24,9,7,4,22,3,26,11,14,25,16,0]",16290,40895,154791,310488,540065,1091023,3099,78036,553001,587504172
datC1,2,seqcounter-accumulated,optimization,109,143,SAT,244.20421132800004,323.3307026390012,144,138,132,132,"[15,27,8,10,4,19,14,16,22,18,20,25,9,11,23,24,5,28,12,1,17,6,13,26,2,29,21,7,0,3]",16290,40895,151151,303216,691216,1394239,11852,232022,1764297,2554923575
datC1,2,seqcounter-accumulated,optimization,109,131,TIMEOUT,276.6529836820009,600.108158082001,132,,,132,,16290,40895,140039,281016,831255,1675255,,,,
datC1,2,itotalizer-assumption,optimization,109,210,SAT,0.555528445,1.3913042010008212,211,210,159,159,"[0,1,2,3,4,5,6,7,8,9,10,11,12,13,14,15,16,17,18,19,20,21,22,23,24,25,26,27,28,29]",16290,40895,10184,241018,26474,281913,110,1208,47195,1207854
datC1,2,itotalizer-assumption,optimization,109,158,SAT,1.4955013750000001,2.9015586690002237,159,158,144,144,"[9,13,24,28,2,26,17,23,19,11,3,27,18,29,10,6,5,16,0,14,8,25,21,20,12,7,22,4,15,1]",16290,40895,0,0,26474,281913,544,14878,113639,9151854
datC1,2,itotalizer-assumption,optimization,109,143,SAT,29.706229597999997,32.620525218000694,144,143,131,131,"[3,22,2,23,21,20,13,17,10,19,8,25,7,11,26,29,9,18,4,6,27,15,5,1,24,12,0,14,28,16]",16290,40895,0,0,26474,281913,14615,302505,2505826,222089347
datC1,2,itotalizer-assumption,optimization,109,130,TIMEOUT,567.4802786439996,600.1106676300005,131,,,131,,16290,40895,0,0,26474,281913,,,,
datC1,2,fixed-seqcounter,fixed-k,109,108,TIMEOUT,599.8809094689987,600.0248886099998,211,,,211,,16290,40895,117936,236856,134226,277751,,,,
datC1,2,fixed-totalizer,fixed-k,109,108,TIMEOUT,599.9211982979978,600.0652200590011,211,,,211,,16290,40895,9146,133952,25436,174847,,,,
datC1,3,seqcounter-fresh,optimization,100,197,SAT,1.703045279,2.368712303999928,198,188,146,146,"[1,23,10,4,7,9,12,0,20,18,5,2,27,13,21,6,16,22,19,11,3,15,8,29,28,14,26,25,17,24]",16290,39995,197591,395988,213881,435983,83,651,397735,1430772
datC1,3,seqcounter-fresh,optimization,100,145,SAT,17.942606858,20.79827859099896,146,145,133,133,"[16,12,17,14,18,27,24,19,1,6,15,11,5,0,13,22,25,8,9,10,4,7,28,2,21,29,3,23,20,26]",16290,39995,152975,306860,169265,346855,1248,36852,646332,122289836
datC1,3,seqcounter-fresh,optimization,100,132,SAT,45.670344648000004,66.91394708000007,133,132,129,129,"[9,4,29,26,20,6,24,13,17,12,25,10,11,15,27,2,18,7,5,0,23,21,19,14,8,28,16,1,3,22]",16290,39995,140976,282888,157266,322883,3220,94113,738732,337828914
datC1,3,seqcounter-fresh,optimization,100,128,SAT,115.69929770799999,183.10489683099877,129,128,125,125,"[8,12,10,16,6,26,9,20,28,4,3,7,5,1,29,14,18,23,22,25,11,17,19,13,15,2,0,27,24,21]",16290,39995,137216,275376,153506,315371,10348,267110,1372514,863233073
datC1,3,seqcounter-fresh,optimization,100,124,SAT,404.169440312,587.7156031259983,125,124,116,116,"[19,22,25,29,5,14,6,23,4,28,8,12,17,10,16,13,18,1,24,0,27,3,11,15,2,7,26,9,20,21]",16290,39995,133424,267800,149714,307795,35370,703130,4821284,3058852715
datC1,3,seqcounter-fresh,optimization,100,115,TIMEOUT,12.14866099700157,600.0241431510003,116,,,116,,16290,39995,124775,250520,141065,290515,,,,
datC1,3,seqcounter-accumulated,optimization,100,197,SAT,1.763268493,2.576619720999588,198,188,146,146,"[1,23,10,4,7,9,12,0,20,18,5,2,27,13,21,6,16,22,19,11,3,15,8,29,28,14,26,25,17,24]",16290,39995,197591,395988,213881,435983,83,651,397735,1430772
datC1,3,seqcounter-accumulated,optimization,100,145,SAT,26.767760364,29.92040659199847,146,145,131,131,"[19,29,3,5,8,4,16,22,23,20,9,25,2,28,12,11,21,27,13,0,1,10,18,24,17,7,15,14,6,26]",16290,39995,152975,306860,366856,742843,2130,38142,330104,148966138
datC1,3,seqcounter-accumulated,optimization,100,130,SAT,440.666312704,471.2131060799984,131,130,122,122,"[6,4,22,23,2,5,12,17,7,29,16,26,20,21,10,19,15,18,24,9,0,8,1,27,3,11,25,13,14,28]",16290,39995,139100,279140,505956,1021983,15086,421255,2480126,2858162537
datC1,3,seqcounter-accumulated,optimization,100,121,TIMEOUT,128.76462625899876,600.1285162790009,122,,,122,,16290,39995,130559,262076,636515,1284059,,,,
datC1,3,itotalizer-assumption,optimization,100,197,SAT,0.450931957,1.0788044039982196,198,188,137,137,"[11,9,20,17,7,13,16,25,22,19,0,10,28,12,14,2,3,21,6,4,26,1,18,15,5,8,24,23,29,27]",16290,39995,10080,227979,26370,267974,64,979,32507,685067
datC1,3,itotalizer-assumption,optimization,100,136,SAT,2.091513405,3.1904194469971117,137,136,129,129,"[24,18,9,0,5,12,4,7,29,28,27,14,26,17,22,21,20,13,25,3,2,11,15,19,16,10,8,1,23,6]",16290,39995,0,0,26370,267974,1255,24731,136818,13663532
datC1,3,itotalizer-assumption,optimization,100,128,SAT,8.927793653,12.125668669999868,129,127,122,122,"[20,9,29,5,17,13,12,10,28,25,8,26,22,16,24,11,1,18,3,0,19,15,21,2,7,27,4,14,6,23]",16290,39995,0,0,26370,267974,4832,109076,650141,67262518
datC1,3,itotalizer-assumption,optimization,100,121,SAT,4.7703277570000004,16.902018059998227,122,121,116,116,"[20,9,29,5,13,17,12,10,25,28,8,26,0,16,22,1,24,18,3,11,19,15,21,2,7,27,4,14,6,23]",16290,39995,0,0,26370,267974,1777,61512,347257,38131337
datC1,3,itotalizer-assumption,optimization,100,115,TIMEOUT,583.1927105700015,600.10511769,116,,,116,,16290,39995,0,0,26370,267974,,,,
datC1,3,fixed-seqcounter,fixed-k,100,99,TIMEOUT,599.9373684730017,600.0754225609999,198,,,198,,16290,39995,108999,219000,125289,258995,,,,
datC1,3,fixed-totalizer,fixed-k,100,99,TIMEOUT,599.9685274270014,600.1101671789984,198,,,198,,16290,39995,8984,123935,25274,163930,,,,
