dataset,problem,reference_cost,k,candidates_at_k,cuts_at_k,avg_core_size,min_core_size,max_core_size,avg_core_ratio,avg_cut_length,best_cost_at_k,elapsed_at_k_end
datB1,1,25,27,1880,1879,10.300691857370943,8,13,0.686712790491396,9.300691857370943,27,1.974325819999649
datB1,1,25,26,5636,5635,9.723158828748891,7,13,0.6482105885832127,8.723158828748891,26,9.309127447002538
datB1,1,25,25,6381,6380,9.125705329153606,6,12,0.608380355276862,8.125705329153606,25,20.837072248003096
datB1,1,25,24,85108,85107,8.968063731537946,6,12,0.5978709154352305,7.968063731537947,25,600.0025818060021
datB1,2,32,47,1,0,,,,,,46,0.005441179000627017
datB1,2,32,45,1,0,,,,,,44,0.006285583000135375
datB1,2,32,43,8,7,13.571428571428571,13,14,0.9047619047619049,12.571428571428571,42,0.014735052001924487
datB1,2,32,41,36,35,13.485714285714286,12,15,0.8990476190476193,12.485714285714286,41,0.054882548000023235
datB1,2,32,40,113,112,11.973214285714286,10,14,0.7982142857142849,10.973214285714286,40,0.17446750900126062
datB1,2,32,39,112,111,12.504504504504505,10,14,0.8336336336336319,11.504504504504505,39,0.29474102500171284
datB1,2,32,38,581,580,10.86896551724138,9,14,0.7245977011494289,9.86896551724138,38,0.8924847990019771
datB1,2,32,37,4791,4790,10.677661795407099,8,14,0.711844119693758,9.677661795407099,37,6.933996913001465
datB1,2,32,36,14203,14202,10.415152795380932,7,14,0.6943435196921249,9.415152795380932,36,38.00402115399993
datB1,2,32,35,19734,19733,10.207723103430801,7,13,0.6805148735620635,9.207723103430801,35,115.92223045900028
datB1,2,32,34,48661,48660,9.829942457870942,7,14,0.6553294971914303,8.829942457870942,34,486.13734356699933
datB1,2,32,33,10409,10409,9.642905178211164,7,13,0.6428603452141646,8.642905178211164,34,600.0029177670003
datB1,3,29,40,4,3,13.0,12,14,0.8666666666666667,12.0,40,0.00929394400009187
datB1,3,29,39,2,1,13.0,13,13,0.8666666666666667,12.0,39,0.011238162001973251
datB1,3,29,38,256,255,12.250980392156864,10,14,0.8167320261437926,11.250980392156864,38,0.3127071380004054
datB1,3,29,37,59,58,12.275862068965518,11,13,0.818390804597701,11.275862068965518,37,0.38134132400227827
datB1,3,29,36,198,197,12.269035532994923,10,14,0.8179357021996616,11.269035532994923,36,0.616916229002527
datB1,3,29,35,19,18,12.277777777777779,10,13,0.8185185185185188,11.277777777777779,35,0.6395508330024313
datB1,3,29,34,456,455,11.437362637362638,9,13,0.7624908424908444,10.437362637362638,34,1.173957077000523
datB1,3,29,33,6184,6183,10.824680575772279,7,14,0.7216453717181275,9.824680575772279,33,9.950560630000837
datB1,3,29,32,1557,1556,10.546272493573264,7,13,0.7030848329048807,9.546272493573264,32,12.781324065999797
datB1,3,29,31,10998,10997,9.903791943257252,7,15,0.6602527962172565,8.903791943257252,31,39.28764545800004
datB1,3,29,30,47120,47119,9.484369362677477,6,13,0.6322912908451239,8.484369362677477,30,287.13210782700116
datB1,3,29,29,33006,33005,9.315285562793516,6,13,0.6210190375195531,8.315285562793516,30,600.0031359410023
datC1,1,103,144,751,750,25.993333333333332,23,29,0.8664444444444422,24.993333333333332,143,4.482134234000114
datC1,1,103,142,90,89,27.876404494382022,26,29,0.9292134831460676,26.876404494382022,142,5.097125662003236
datC1,1,103,141,43,42,27.142857142857142,26,28,0.9047619047619044,26.142857142857142,141,5.3804700640030205
datC1,1,103,140,1010,1009,25.366699702675916,22,29,0.8455566567558535,24.366699702675916,140,11.593849311000668
datC1,1,103,139,13,12,27.583333333333332,27,28,0.9194444444444446,26.583333333333332,138,11.682628007001767
datC1,1,103,137,6,5,27.4,27,28,0.9133333333333334,26.4,137,11.721846923002886
datC1,1,103,136,11,10,27.1,26,28,0.9033333333333335,26.1,136,11.796282600000268
datC1,1,103,135,892,891,25.093153759820428,23,28,0.8364384586606856,24.093153759820428,135,17.326272441001493
datC1,1,103,134,7374,7373,25.234639902346398,20,29,0.8411546634115546,24.234639902346398,134,68.07033285200305
datC1,1,103,133,1,0,,,,,,133,68.07651975800036
datC1,1,103,132,1,0,,,,,,131,68.08273772400207
datC1,1,103,130,39654,39653,23.845333266083273,19,29,0.794844442202558,22.845333266083273,130,474.08880852600123
datC1,1,103,129,9145,9145,23.111427009294697,18,27,0.7703809003098273,22.111427009294697,130,600.0029198940028
datC1,2,109,164,1,0,,,,,,159,0.013451713999529602
datC1,2,109,158,13,12,29.0,29,29,0.9666666666666667,28.0,158,0.09099995900032809
datC1,2,109,157,7,6,27.833333333333332,27,29,0.9277777777777777,26.833333333333332,157,0.1286117080016993
datC1,2,109,156,1,0,,,,,,156,0.13203809799961164
datC1,2,109,155,75,74,27.2027027027027,25,29,0.9067567567567557,26.2027027027027,154,0.5683574700015015
datC1,2,109,153,12,11,26.90909090909091,26,28,0.8969696969696972,25.90909090909091,152,0.6456528620001336
datC1,2,109,151,399,398,26.77386934673367,23,29,0.8924623115577877,25.77386934673367,148,3.2133764030004386
datC1,2,109,147,2,1,29.0,29,29,0.9666666666666667,28.0,147,3.2247199049998017
datC1,2,109,146,124,123,28.479674796747968,26,30,0.9493224932249322,27.479674796747968,146,4.062643763001688
datC1,2,109,145,1,0,,,,,,145,4.0673868320009205
datC1,2,109,144,2585,2584,26.175696594427244,22,30,0.872523219814252,25.175696594427244,144,20.811102919000405
datC1,2,109,143,1,0,,,,,,142,20.815806585000246
datC1,2,109,141,3,2,29.5,29,30,0.9833333333333334,28.5,140,20.835330984002212
datC1,2,109,139,30530,30529,24.837957352025942,20,29,0.8279319117339613,23.837957352025942,139,293.5865669030027
datC1,2,109,138,6635,6634,24.902622851974677,21,29,0.8300874283991692,23.902622851974677,138,370.589387455002
datC1,2,109,137,16834,16834,24.751693002257337,20,29,0.8250564334085456,23.751693002257337,138,600.0053297900013
datC1,3,100,149,1,0,,,,,,136,0.014550989999406738
datC1,3,100,135,36,35,27.82857142857143,25,29,0.9276190476190475,26.82857142857143,135,0.22522220499740797
datC1,3,100,134,2,1,29.0,29,29,0.9666666666666667,28.0,134,0.23497432799922535
datC1,3,100,133,3,2,29.0,29,29,0.9666666666666667,28.0,133,0.25039637599911657
datC1,3,100,132,53,52,27.673076923076923,25,29,0.9224358974358966,26.673076923076923,132,0.5705730079971545
datC1,3,100,131,28,27,28.51851851851852,28,30,0.9506172839506173,27.51851851851852,130,0.7545421249997162
datC1,3,100,129,2,1,29.0,29,29,0.9666666666666667,28.0,129,0.7655349769993336
datC1,3,100,128,2,1,28.0,28,28,0.9333333333333333,27.0,128,0.7761414829983551
datC1,3,100,127,259,258,26.24031007751938,23,29,0.8746770025839823,25.24031007751938,127,2.3831134969987033
datC1,3,100,126,1,0,,,,,,126,2.38747914799751
datC1,3,100,125,23,22,26.636363636363637,25,28,0.8878787878787879,25.636363636363637,124,2.5299422569987655
datC1,3,100,123,11224,11223,23.734741156553508,18,28,0.7911580385517856,22.734741156553508,123,75.32136437399822
datC1,3,100,122,8024,8023,23.315966596036397,19,29,0.777198886534536,22.315966596036397,122,137.784222348997
datC1,3,100,121,36567,36566,23.783405349231526,17,29,0.7927801783075845,22.783405349231526,121,533.0776309649991
datC1,3,100,120,199,198,24.363636363636363,22,27,0.8121212121212124,23.363636363636363,120,535.8604437139984
datC1,3,100,119,4643,4642,22.71585523481258,19,27,0.7571951744937643,21.71585523481258,120,600.0033030919985
